Autor,Titel,Absatz,Fokalisierung,Kommentar,Link
Goethe,Die Sängerin Antonelli,"Als ich mich in Neapel aufhielt, begegnete daselbst eine Geschichte, die großes Aufsehen erregte und worüber die Urteile sehr verschieden waren. Die einen behaupteten, sie sei völlig ersonnen, die andern, sie sei wahr, aber es stecke ein Betrug dahinter. Diese Partei war wieder untereinander selbst uneinig; sie stritten, wer dabei betrogen haben könnte. Noch andere behaupteten, es sei keineswegs ausgemacht, daß geistige Naturen nicht sollten auf Elemente und Körper wirken können, und man müsse nicht jede wunderbare Begebenheit ausschließlich entweder für Lüge oder Trug erklären. Nun zur Geschichte selbst!",intern,,https://www.projekt-gutenberg.org/goethe/antonell/antonell.html
Goethe,Die Sängerin Antonelli,"Eine Sängerin, Antonelli genannt, war zu meiner Zeit der Liebling des neapolitanischen Publikums. In der Blüte ihrer Jahre, ihrer Figur, ihrer Talente fehlte ihr nichts, wodurch ein Frauenzimmer die Menge reizt und lockt und eine kleine Anzahl Freunde entzückt und glücklich macht. Sie war nicht unempfindlich gegen Lob und Liebe; allein von Natur mäßig und verständig, wußte sie die Freuden zu genießen, die beide gewähren, ohne dabei aus der Fassung zu kommen, die ihr in ihrer Lage so nötig war. Alle jungen, vornehmen, reichen Leute drängten sich zu ihr, nur wenige nahm sie auf; und wenn sie bei der Wahl ihrer Liebhaber meist ihren Augen und ihrem Herzen folgte, so zeigte sie doch bei allen kleinen Abenteuern einen festen, sichern Charakter, der jeden genauen Beobachter für sie einnehmen mußte. Ich hatte Gelegenheit, sie einige Zeit zu sehen, indem ich mit einem ihrer Begünstigten in nahem Verhältnisse stand. Verschiedene Jahre waren hingegangen, sie hatte Männer genug kennengelernt und unter ihnen viele Gecken, schwache und unzuverlässige Menschen. Sie glaubte bemerkt zu haben, daß ein Liebhaber, der in einem gewissen Sinne dem Weibe alles ist, gerade da, wo sie eines Beistandes am nötigsten bedürfte, bei Vorfällen des Lebens, häuslichen Angelegenheiten, bei augenblicklichen Entschließungen meistenteils zu nichts wird, wenn er nicht gar seiner Geliebten, indem er nur an sich selbst denkt, schadet und aus Eigenliebe ihr das Schlimmste zu raten und sie zu den gefährlichsten Schritten zu verleiten sich gedrungen fühlt.",intern,,https://www.projekt-gutenberg.org/goethe/antonell/antonell.html
Goethe,Die Sängerin Antonelli,"Bei ihren bisherigen Verbindungen war ihr Geist meistenteils unbeschäftigt geblieben; auch dieser verlangte Nahrung. Sie wollte endlich einen Freund haben, und kaum hatte sie dieses Bedürfnis gefühlt, so fand sich unter denen, die sich ihr zu nähern suchten, ein junger Mann, auf den sie ihr Zutrauen warf und der es in jedem Sinne zu verdienen schien.",intern,,https://www.projekt-gutenberg.org/goethe/antonell/antonell.html
Goethe,Die Sängerin Antonelli,"Es war ein Genueser, der sich um diese Zeit einiger wichtiger Geschäfte seines Hauses wegen in Neapel aufhielt. Bei einem sehr glücklichen Naturell hatte er die sorgfältigste Erziehung genossen. Seine Kenntnisse waren ausgebreitet, sein Geist wie sein Körper vollkommen ausgebildet, sein Betragen konnte für ein Muster gelten, wie einer, der sich keinen Augenblick vergißt, sich doch immer in andern zu vergessen scheint. Der Handelsgeist seiner Geburtsstadt ruhete auf ihm; er sah das, was zu tun war, im großen an. Doch war seine Lage nicht die glücklichste; sein Haus hatte sich in einige höchst mißliche Spekulationen eingelassen und war in gefährliche Prozesse verwickelt. Die Angelegenheiten verwirrten sich mit der Zeit noch mehr, und die Sorge, die er darüber empfand, gab ihm einen Anstrich von Traurigkeit, der ihm sehr wohl anstand und unserm jungen Frauenzimmer noch mehr Mut machte, seine Freundschaft zu suchen, weil sie zu fühlen glaubte, daß er selbst einer Freundin bedürfe.",intern,,https://www.projekt-gutenberg.org/goethe/antonell/antonell.html
Tieck,Das grüne Band,"Durch die Thäler und über die Wiesen wandelte der graue Nebel; über einen Tannenhain blickte die Sonne noch einmal aus Westen auf die Fluren zurück, die sie itzt verlassen wollte – in den Wipfeln eines einsamen Gebüsches begann die Nachtigall ihr Lied, und das Murmeln eines kleinen Baches ward hörbarer: als über die Haide eine Schaar von Kriegern gegen die Veste Mannstein zog. Der letzte goldne Schein der Sonne flog zitternd die schönpolirten Rüstungen auf und ab, durch die abendliche Stille tönte laut der Huftritt ihrer Rosse. – Da schmetterte von der Zinne der Burg eine fröhliche Trompete, und weckte mit ihren Tönen den Widerhall am Tannenberge; die Zugbrücke ließ sich nieder, und Friedrich von Mannstein zog mit seiner Schaar in seine Veste, wo sein Hausgesinde sich um ihn her drängte, um ihm Glück zu wünschen, daß er aus der Fehde wohlbehalten zurück gekehrt sey.",extern,,https://www.projekt-gutenberg.org/tieck/grueband/chap001.html
Tieck,Das grüne Band,"Kaum war der Ritter von seinem Rosse gestiegen, als seine Tochter auf ihn zueilte und in die Arme ihres Vaters sank. »Meine Emma!« rief Friedrich, »bist du wohl? Gottlob, daß ich dich wiedersehe!« – »Kommt Ihr wohlbehalten zurück?« sprach sie, indem sie schüchtern um sich blickte und sich etwas aus den Armen ihres Vaters zurück bog. – »Habt Ihr viele von euren Leuten verloren?– »Ja,« antwortete Friedrich, »zwölf, und unter diesen einen meiner treusten Diener.« –. »Doch nicht« – fiel Emma schnell ein, – der Name Adalbert zitterte auf ihren Lippen, sie ward bleich, –»doch nicht – Wilibald?« sagte sie, indem sie eine unwillkührliche Thräne in ihr Auge zurückzwängte.",extern,,https://www.projekt-gutenberg.org/tieck/grueband/chap001.html
Tieck,Das grüne Band,"Eben diesen, erwiederte der Vater – der Alte hielt sich wacker, – aber er fiel, – er hat sein Leben rühmlich beschlossen. Wohl jedem Kriegesmanne, der so wie er stirbt! – Ich werde seinen Verlust fühlen; ich liebte ihn, als wär' er mein Bruder. – Aber komm in die Burg, liebe Tochter, der Nebel hängt schon kalt und feucht in den Wipfeln der Bäume, dein Haar flattert in der kühlen Abendluft; mich dünkt, du siehst bleich aus, – du bist doch wohl?",extern,,https://www.projekt-gutenberg.org/tieck/grueband/chap001.html
Tieck,Das grüne Band,"Ihr seid ja wieder hier, antwortete sie schnell.",extern,,https://www.projekt-gutenberg.org/tieck/grueband/chap001.html
Chamisso,Peter Schlemihls wunderbare Geschichte,"Nach einer glücklichen, jedoch für mich sehr beschwerlichen Seefahrt erreichten wir endlich den Hafen. Sobald ich mit dem Boote ans Land kam, belud ich mich selbst mit meiner kleinen Habseligkeit, und durch das wimmelnde Volk mich drängend, ging ich in das nächste, geringste Haus hinein, vor welchem ich ein Schild hängen sah. Ich begehrte ein Zimmer, der Hausknecht maß mich mit einem Blick und führte mich unters Dach. Ich ließ mir frisches Wasser geben und genau beschreiben, wo ich den Herrn Thomas John aufzusuchen habe. – »Vor dem Nordertor, das erste Landhaus zur rechten Hand, ein großes, neues Haus, von rot und weißem Marmor mit vielen Säulen.« Gut. – Es war noch früh an der Zeit, ich schnürte sogleich mein Bündel auf, nahm meinen neu gewandten schwarzen Rock heraus, zog mich reinlich an in meine besten Kleider, steckte das Empfehlungsschreiben zu mir und setzte mich alsbald auf den Weg zu dem Manne, der mir bei meinen bescheidenen Hoffnungen förderlich sein sollte.",intern,,https://www.projekt-gutenberg.org/chamisso/prosa/chap04.html
Chamisso,Peter Schlemihls wunderbare Geschichte,"Nachdem ich die lange Norderstraße hinaufgestiegen und das Tor erreicht, sah ich bald die Säulen durch das Grüne schimmern. – »Also hier«, dacht ich. Ich wischte den Staub von meinen Füßen mit meinem Schnupftuch ab, setzte mein Halstuch in Ordnung und zog in Gottes Namen die Klingel. Die Tür sprang auf. Auf dem Flur hatt ich ein Verhör zu bestehen; der Portier ließ mich aber anmelden, und ich hatte die Ehre, in den Park gerufen zu werden, wo Herr John – mit einer kleinen Gesellschaft sich erging. Ich erkannte gleich den Mann am Glanze seiner wohlbeleibten Selbstzufriedenheit. Er empfing mich sehr gut – wie ein Reicher einen armen Teufel, wandte sich sogar gegen mich, ohne sich jedoch von der übrigen Gesellschaft abzuwenden, und nahm mir den dargehaltenen Brief aus der Hand. – »So, so, von meinem Bruder; ich habe lange nichts von ihm gehört. Er ist doch gesund? – Dort«, fuhr er gegen die Gesellschaft fort, ohne die Antwort zu erwarten, und wies mit dem Brief auf einen Hügel, »dort laß ich das neue Gebäude aufführen.« Er brach das Siegel auf und das Gespräch nicht ab, das sich auf den Reichtum lenkte. »Wer nicht Herr ist wenigstens einer Million«, warf er hinein, »der ist, man verzeihe mir das Wort, ein Schuft!« – »O wie wahr!« rief ich aus, mit vollem, überströmendem Gefühl. Das mußte ihm gefallen; er lächelte mich an und sagte: »Bleiben Sie hier, lieber Freund, nachher hab ich vielleicht Zeit, Ihnen zu sagen, was ich hiezu denke«, er deutete auf den Brief, den er sodann einsteckte, und wandte sich wieder zu der Gesellschaft. – Er bot einer jungen Dame den Arm, andere Herren bemühten sich um andere Schönen, es fand sich, was sich paßte, und man wallte dem rosenumblühten Hügel zu.",intern,,https://www.projekt-gutenberg.org/chamisso/prosa/chap04.html
Chamisso,Peter Schlemihls wunderbare Geschichte,"Ich schlich hinterher, ohne jemandem beschwerlich zu fallen; denn keine Seele bekümmerte sich weiter um mich. Die Gesellschaft war sehr aufgeräumt, es ward getändelt und gescherzt, man sprach zuweilen von leichtsinnigen Dingen wichtig, von wichtigen öfters leichtsinnig, und gemächlich erging besonders der Witz über abwesende Freunde und deren Verhältnisse. Ich war da zu fremd, um von alledem vieles zu verstehen, zu bekümmert und in mich gekehrt, um den Sinn auf solche Rätsel zu haben.",intern,,https://www.projekt-gutenberg.org/chamisso/prosa/chap04.html
Chamisso,Peter Schlemihls wunderbare Geschichte,"Wir hatten den Rosenhain erreicht. Die schöne Fanny, wie es schien, die Herrin des Tages, wollte aus Eigensinn einen blühenden Zweig selbst brechen; sie verletzte sich an einem Dorn, und wie von den dunkeln Rosen floß Purpur auf ihre zarte Hand. Dieses Ereignis brachte die ganze Gesellschaft in Bewegung. Es wurde Englisch Pflaster gesucht. Ein stiller, dünner, hagrer, länglichter, ältlicher Mann, der neben mitging und den ich noch nicht bemerkt hatte, steckte sogleich die Hand in die knapp anliegende Schoßtasche seines altfränkischen, grautaffetnen Rockes, brachte eine kleine Brieftasche daraus hervor, öffnete sie und reichte der Dame mit devoter Verbeugung das Verlangte. Sie empfing es ohne Aufmerksamkeit für den Geber und ohne Dank; die Wunde ward verbunden, und man ging weiter den Hügel hinan, von dessen Rücken man die weite Aussicht über das grüne Labyrinth des Parkes nach dem unermeßlichen Ozean genießen wollte.",intern,,https://www.projekt-gutenberg.org/chamisso/prosa/chap04.html
Hoffmann,Lebensansichten des Katers Murr,"Es ist doch etwas Schönes, Herrliches, Erhabenes um das Leben! – »O du süße Gewohnheit des Daseins!« ruft jener niederländische Held in der Tragödie aus. So auch ich, aber nicht wie der Held in dem schmerzlichen Augenblick, als er sich davon trennen soll – nein! – in dem Moment, da mich eben die volle Lust des Gedankens durchdringt, daß ich in jene süße Gewohnheit nun ganz und gar hineingekommen und durchaus nicht willens bin, jemals wieder hinauszukommen. – Ich meine nämlich, die geistige Kraft, die unbekannte Macht, oder wie man sonst das über uns waltende Prinzip nennen mag, welches mir besagte Gewohnheit ohne meine Zustimmung gewissermaßen aufgedrungen hat, kann unmöglich schlechtere Gesinnungen haben als der freundliche Mann, bei dem ich in Kondition gegangen, und der mir das Gericht Fische, das er mir vorgesetzt, niemals vor der Nase wegzieht, wenn es mir eben recht wohlschmeckt.",intern,,https://www.projekt-gutenberg.org/etahoff/murr1/murr11.html
Hoffmann,Lebensansichten des Katers Murr,"O Natur, heilige, hehre Natur! wie durchströmt all deine Wonne, all dein Entzücken meine bewegte Brust, wie umweht mich dein geheimnisvoll säuselnder Atem! – Die Nacht ist etwas frisch, und ich wollte – doch jeder, der dies lieset oder nicht lieset, begreift nicht meine hohe Begeisterung, denn er kennt nicht den hohen Standpunkt, zu dem ich mich hinaufgeschwungen! – Hinaufgeklettert wäre richtiger, aber kein Dichter spricht von seinen Füßen, hätte er auch deren viere so wie ich, sondern nur von seinen Schwingen, sind sie ihm auch nicht angewachsen, sondern nur Vorrichtung eines geschickten Mechanikers. Über mir wölbt sich der weite Sternenhimmel, der Vollmond wirft seine funkelnden Strahlen herab, und in feurigem Silberglanz stehen Dächer und Türme um mich her! Mehr und mehr verbraust das lärmende Gewühl unter mir in den Straßen, stiller und stiller wird die Nacht – die Wolken ziehen – eine einsame Taube flattert in bangen Liebesklagen girrend um den Kirchturm! – Wie! – wenn die liebe Kleine sich mir nähern wollte? – Ich fühle wunderbares sich in mir regen, ein gewisser schwärmerischer Appetit reißt mich hin mit unwiderstehlicher Gewalt! – Oh, käme sie, die süße Huldin, an mein liebeskrankes Herz wollt ich sie drücken, sie nimmer von mir lassen – ha, dort flattert sie hinein in den Taubenschlag, die Falsche, und läßt mich hoffnungslos sitzen auf dem Dache! – Wie selten ist doch in dieser dürftigen, verstockten, liebeleeren Zeit wahre Sympathie der Seelen.",intern,,https://www.projekt-gutenberg.org/etahoff/murr1/murr11.html
Hoffmann,Lebensansichten des Katers Murr,"Ist denn das auf zwei Füßen aufrecht Einhergehen etwas so Großes, daß das Geschlecht, welches sich Mensch nennt, sich die Herrschaft über uns alle, die wir mit sicherem Gleichgewicht auf vieren daherwandeln, anmaßen darf? Aber ich weiß es, sie bilden sich was Großes ein auf etwas, was in ihrem Kopfe sitzen soll, und das sie die Vernunft nennen. Ich weiß mir keine rechte Vorstellung zu machen, was sie darunter verstehen, aber so viel ist gewiß, daß, wenn, wie ich es aus gewissen Reden meines Herrn und Gönners schließen darf, Vernunft nichts anderes heißt als die Fähigkeit, mit Bewußtsein zu handeln und keine dummen Streiche zu machen, ich mit keinem Menschen tausche. – Ich glaube überhaupt, daß man sich das Bewußtsein nur angewöhnt; durch das Leben und zum Leben kommt man doch, man weiß selbst nicht wie. Wenigstens ist es mir so gegangen, und wie ich vernehme, weiß auch kein einziger Mensch auf Erden das Wie und Wo seiner Geburt aus eigner Erfahrung, sondern nur durch Tradition, die noch dazu öfters sehr unsicher ist. Städte streiten sich um die Geburt eines berühmten Mannes, und so wird es, da ich selbst nichts Entscheidendes darüber weiß, immerdar ungewiß bleiben, ob ich in dem Keller, auf dem Boden oder in dem Holzstall das Licht der Welt erblickte oder vielmehr nicht erblickte, sondern nur in der Welt erblickt wurde von der teuren Mama. Denn wie es unserm Geschlecht eigen, waren meine Augen verschleiert. Ganz dunkel erinnere ich mich gewisser knurrender, prustender Töne, die um mich her erklangen, und die ich beinahe wider meinen Willen hervorbringe, wenn mich der Zorn überwältigt. Deutlicher und beinahe mit vollem Bewußtsein finde ich mich in einem sehr engen Behältnis mit weichen Wänden eingeschlossen, kaum fähig, Atem zu schöpfen, und in Not und Angst ein klägliches Jammergeschrei erhebend. Ich fühlte, daß etwas in das Behältnis hinabgriff und mich sehr unsanft beim Leibe packte, und dies gab mir Gelegenheit, die erste wunderbare Kraft, womit mich die Natur begabt, zu fühlen und zu üben. Aus meinen reich überpelzten Vorderpfoten schnellte ich spitze gelenkige Krallen hervor und grub sie ein in das Ding, das mich gepackt, und das, wie ich später gelernt, nichts anderes sein konnte als eine menschliche Hand. Diese Hand zog mich aber heraus aus dem Behältnis und warf mich hin, und gleich darauf fühlte ich zwei heftige Schläge auf den beiden Seiten des Gesichts, über die jetzt ein, wie ich wohl sagen mag, stattlicher Bart herüberragt. Die Hand teilte mir, wie ich jetzt beurteilen kann, von jenem Muskelspiel der Pfoten verletzt, ein paar Ohrfeigen zu, ich machte die erste Erfahrung von moralischer Ursache und Wirkung, und eben ein moralischer Instinkt trieb mich an, die Krallen ebenso schnell wieder einzuziehen, als ich sie hervorgeschleudert. Später hat man dieses Einziehen der Krallen mit Recht als einen Akt der höchsten Bonhomie und Liebenswürdigkeit anerkannt und mit dem Namen »Samtpfötchen« bezeichnet.",intern,,https://www.projekt-gutenberg.org/etahoff/murr1/murr11.html
Hoffmann,Lebensansichten des Katers Murr,"Wie gesagt, die Hand warf mich wieder zur Erde. Bald darauf erfaßte sie mich aber aufs neue beim Kopf und drückte ihn nieder, so daß ich mit dem Mäulchen in eine Flüssigkeit geriet, die ich, selbst weiß ich nicht, wie ich darauf verfiel, es mußte daher physischer Instinkt sein, aufzulecken begann, welches mir eine seltsame innere Behaglichkeit erregte. Es war, wie ich jetzt weiß, süße Milch, die ich genoß, mich hatte gehungert, und ich wurde satt, indem ich trank. So trat, nachdem die moralische begonnen, die physische Ausbildung ein.",intern,,https://www.projekt-gutenberg.org/etahoff/murr1/murr11.html
Brentano,Baron Hüpfenstich,"In dem ehrlichen Lande regierte der König Haltewort, ein sehr guter, aber noch viel strengerer Herr, dann und wann auch sehr grob. Er hatte sehr viel zu tun, denn er hielt Wort, und seine Vorfahren waren so vielversprechende Herrn gewesen, daß er alle Hände voll hatte, für sie Wort zu halten, besonders da einer manchmal das Gegenteil vom andern versprochen hatte. Aber das machte ihn nicht irr. Er hielt immer recht wacker zu Wort. Sonst kümmerte er sich um nichts und war gar nicht neugierig; denn er fürchtete immer, er möchte ein neues Versprechen erfahren, das er halten müsse, und das wäre ihm fatal gewesen. Er lebte sehr friedlich in seinem Lande und hatte mit allen Königen der Welt einen Frieden geschlossen, welcher in den Worten bestand: »Tue mir nichts, ich tue dir auch nichts.«",null,,https://www.projekt-gutenberg.org/brentano/huepfen/huepfen.html
Brentano,Baron Hüpfenstich,"Dieser gute König hatte eine Tochter, die sehr neugierig war und überall mit ihrem Näschen vornedran sein mußte. Sie war so neugierig gewesen, zu wissen, wie es auf der Welt aussähe, daß ihre Mutter ihr noch gar die Wiege nicht zurechtgemacht hatte, als das Kind schon vom Himmel herab der Frau Mutter entgegenhüpfte, worüber die gute Königin, die gern alles in der Ordnung hatte, vor Schrecken starb, indem sie ihr Töchterlein ans Herz drückte und sprach: »Mein Kind will wissen, wie es auf der Welt aussieht, drum muß ich sehen, wie es im Himmel aussieht. Möge die Woche, um die du mir zu früh gekommen bist, dir einstens treue Dienste leisten!« Nach diesen Worten starb die Königin, und die umstehenden Frauen zeigten dem herbeigerufenen König Haltewort den Tod der Königin und die Geburt seiner Tochter an.",null,,https://www.projekt-gutenberg.org/brentano/huepfen/huepfen.html
Brentano,Baron Hüpfenstich,"Der König fragte vor allem: »Wie lauteten die letzten Worte meiner Gemahlin, damit ich sie ihr halten kann, da sie selbst gestorben ist?« Da sagte die älteste Hofdame: »Sie sprach: Mein Kind will wissen« – »So soll die Prinzessin heißen,« sagte der König; »sie soll Prinzeß Willwischen heißen, weil die sterbende Mutter sie so angeredet.« Nun ließ er sich noch die übrigen Worte der Verstorbenen sagen: aber da war nichts beizuhalten; nur daß die Woche, um die sie zu frühe gekommen, ihr große Dienste leisten solle, das konnte er nicht recht begreifen und nahm sich vor, viel darüber nachdenken zu lassen. Nun ließ er die gute Königin ins Grab und das Kind Willwischen in die Wiege legen.",intern,,https://www.projekt-gutenberg.org/brentano/huepfen/huepfen.html
Brentano,Baron Hüpfenstich,"Eine große Sorge hatte der gute König jetzt, die plagte ihn sehr, er hatte seiner Gemahlin versprochen, er wolle, wenn sie vor dem Kinde sterbe, Mutterstelle an ihm vertreten. Wie er das machen sollte, wenn er Wort halten sollte, wußte er nun gar nicht, er ließ auch darüber stark nachdenken. Und siehe da, nach einer halben Stunde kam der Hofnachdenker herein und sprach: »Ihro Majestät, haben Sie etwas heraus?« Der König sagte: »Haben Sie etwas?« Der Nachdenker sagte: »Ihro Majestät, ich habe nichts heraus,« und der König sagte: »Und habe auch nichts.« Da sagte der Nachdenker: »Da haben wir also alle beide nichts heraus,« und nun gingen sie wieder frisch ans Nachdenken. Nach einer Stunde kamen sie ebenso zusammen und gingen ebenso auseinander.",intern,,https://www.projekt-gutenberg.org/brentano/huepfen/huepfen.html
Stifter,Prokopus,"Durch das Haupttal der Fichtau, in welchem die Perniz fließt, ging einmal ein großer Zug von Männern und Frauen. Der Weg war damals keine Straße, auf welcher schöne Wägen gehen können – eine solche ist er noch heutzutage nicht-, aber damals war der Pfad so schmal und uneben, daß nicht einmal jene Gebirgswägelchen auf ihm hätten fahren können, mit denen er in unsern Zeiten sozusagen bedeckt ist. Deshalb saßen alle jene Männer und Frauen auf ihren Pferden und ritten auf dem Pfade dahin. Die Tiere gingen eines hinter dem andern, außer wo der Weg sich etwa zufällig erweiterte und sie sich zu zweien gesellen konnten, wenn ihre Reiter etwas miteinander zu reden oder sich sonst einen Beistand zu leisten hatten.",extern,"null, da Ana- und Prolepsen?",https://www.projekt-gutenberg.org/stifter/prokopus/prokopus.html
Stifter,Prokopus,"Wenn man in jenen Tagen ein Ding durch die Fichtau bringen wollte, mußte es gesäumt werden. Die Bergdachungen zu beiden Seiten gingen mit Wald bedeckt bis an das Wasser nieder, in dem sie sich netzten. Die Perniz rauschte an dem Wege, und es lagen in ihren Gewässern noch manche Marmorblöcke aus dem Reviere der Fichtau, welche man später weggeräumt hatte, um Platz zu gewinnen oder um etwas Nützliches und Notwendiges aus ihnen zu machen.",extern,,https://www.projekt-gutenberg.org/stifter/prokopus/prokopus.html
Stifter,Prokopus,"Es glänzte ein heiterer Morgen auf dem ganzen Walde, da der Zug ging, alles war erfrischt und manches nasse Zweiglein, das an dem Wege stand, streifte die Füße eines Pferdes oder das Gewand eines Reiters.",extern,,https://www.projekt-gutenberg.org/stifter/prokopus/prokopus.html
Stifter,Prokopus,"Sie hatten alle die Tracht, die gegen das Ende des siebzehnten Jahrhunderts gebräuchlich war. Die Männer hatten keine Harnische mehr an, noch hatten sie irgendein anderes Eisenwerk an sich, wohl aber trugen sie an ungeheuren bauschigen Schärpen, die um das Lederkoller hingen, die Schwerter der damaligen Zeit. In den Halflern des Sattels steckten sehr große, ungeschlachte Pistolen, und auf dem Haupte war der breitkrempige Hut mit der niedergehenden, wallenden Feder. Manche hatten gleich mehrere solcher Federn, daß sie wie ein nickender Haufen auf dem großen Rund des Hutes saßen oder von demselben wie ein Schneefall herniedersanken. An den Stiefeln, deren Mündunge oft kahnförmig um den Fuß gingen. waren die großrädrigen Sporen jener Zeit. Die Frauen hatten klappige Häubchen auf dem Kopfe, gesteifte Ärmel, dünne Leiber, dann weiter unten allerlei Böschungen und endlich das glänzende niederfallende Reitkleid. Bei verschiedenen waren goldflinsernde und manchmal eine schönere seidene Blumen darauf gestickt.",extern,,https://www.projekt-gutenberg.org/stifter/prokopus/prokopus.html
Kleist,Die Marquise von O.,"In M..., einer bedeutenden Stadt im oberen Italien, ließ die verwitwete Marquise von O..., eine Dame von vortrefflichem Ruf, und Mutter von mehreren wohlerzogenen Kindern, durch die Zeitungen bekannt machen: daß sie, ohne ihr Wissen, in andre Umstände gekommen sei, daß der Vater zu dem Kinde, das sie gebären würde, sich melden solle; und daß sie, aus Familienrücksichten, entschlossen wäre, ihn zu heiraten. Die Dame, die einen so sonderbaren, den Spott der Welt reizenden Schritt, beim Drang unabänderlicher Umstände, mit solcher Sicherheit tat, war die Tochter des Herrn von G..., Kommandanten der Zitadelle bei M... Sie hatte, vor ungefähr drei Jahren, ihren Gemahl, den Marquis von O..., dem sie auf das innigste und zärtlichste zugetan war, auf einer Reise verloren, die er, in Geschäften der Familie, nach Paris gemacht hatte. Auf Frau von G...s, ihrer würdigen Mutter, Wunsch, hatte sie, nach seinem Tode, den Landsitz verlassen, den sie bisher bei V... bewohnt hatte, und war, mit ihren beiden Kindern, in das Kommandantenhaus, zu ihrem Vater, zurückgekehrt. Hier hatte sie die nächsten Jahre mit Kunst, Lektüre, mit Erziehung, und ihrer Eltern Pflege beschäftigt, in der größten Eingezogenheit zugebracht: bis der ... Krieg plötzlich die Gegend umher mit den Truppen fast aller Mächte und auch mit russischen erfüllte. Der Obrist von G..., welcher den Platz zu verteidigen Order hatte, forderte seine Gemahlin und seine Tochter auf, sich auf das Landgut, entweder der letzteren, oder seines Sohnes, das bei V... lag, zurückzuziehen. Doch ehe sich die Abschätzung noch, hier der Bedrängnisse, denen man in der Festung, dort der Greuel, denen man auf dem platten Lande ausgesetzt sein konnte, auf der Waage der weiblichen Überlegung entschieden hatte: war die Zitadelle von den russischen Truppen schon berennt, und aufgefordert, sich zu ergeben. Der Obrist erklärte gegen seine Familie, daß er sich nunmehr verhalten würde, als ob sie nicht vorhanden wäre; und antwortete mit Kugeln und Granaten. Der Feind, seinerseits, bombardierte die Zitadelle. Er steckte die Magazine in Brand, eroberte ein Außenwerk, und als der Kommandant, nach einer nochmaligen Aufforderung, mit der Übergabe zauderte, so ordnete er einen nächtlichen Überfall an, und eroberte die Festung mit Sturm.",null,,https://www.projekt-gutenberg.org/kleist/marquise/marquise.html
Kleist,Die Marquise von O.,"Eben als die russischen Truppen, unter einem heftigen Haubitzenspiel, von außen eindrangen, fing der linke Flügel des Kommandantenhauses Feuer und nötigte die Frauen, ihn zu verlassen. Die Obristin, indem sie der Tochter, die mit den Kindern die Treppe hinabfloh, nacheilte, rief, daß man zusammenbleiben, und sich in die unteren Gewölbe flüchten möchte; doch eine Granate, die, eben in diesem Augenblicke, in dem Hause zerplatzte, vollendete die gänzliche Verwirrung in demselben. Die Marquise kam, mit ihren beiden Kindern, auf den Vorplatz des Schlosses, wo die Schüsse schon, im heftigsten Kampf, durch die Nacht blitzten, und sie, besinnungslos, wohin sie sich wenden solle, wieder in das brennende Gebäude zurückjagten. Hier, unglücklicher Weise, begegnete ihr, da sie eben durch die Hintertür entschlüpfen wollte, ein Trupp feindlicher Scharfschützen, der, bei ihrem Anblick, plötzlich still ward, die Gewehre über die Schultern hing, und sie, unter abscheulichen Gebärden, mit sich fortführte. Vergebens rief die Marquise, von der entsetzlichen, sich unter einander selbst bekämpfenden, Rotte bald hier, bald dorthin gezerrt, ihre zitternden, durch die Pforte zurückfliehenden Frauen, zu Hülfe. Man schleppte sie in den hinteren Schloßhof, wo sie eben, unter den schändlichsten Mißhandlungen, zu Boden sinken wollte, als, von dem Zetergeschrei der Dame herbeigerufen, ein russischer Offizier erschien, und die Hunde, die nach solchem Raub lüstern waren, mit wütenden Hieben zerstreute. Der Marquise schien er ein Engel des Himmels zu sein. Er stieß noch dem letzten viehischen Mordknecht, der ihren schlanken Leib umfaßt hielt, mit dem Griff des Degens ins Gesicht, daß er, mit aus dem Mund vorquellendem Blut, zurücktaumelte; bot dann der Dame, unter einer verbindlichen, französischen Anrede den Arm, und führte sie, die von allen solchen Auftritten sprachlos war, in den anderen, von der Flamme noch nicht ergriffenen, Flügel des Palastes, wo sie auch völlig bewußtlos niedersank. Hier – traf er, da bald darauf ihre erschrockenen Frauen erschienen, Anstalten, einen Arzt zu rufen; versicherte, indem er sich den Hut aufsetzte, daß sie sich bald erholen würde; und kehrte in den Kampf zurück.",null,,https://www.projekt-gutenberg.org/grimm/maerchen/chap069.html
Grimm,Hänsel und Gretl,"Vor einem großen Walde wohnte ein armer Holzhacker mit seiner Frau und seinen zwei Kindern; das Bübchen hieß Hänsel und das Mädchen Gretel. Er hatte wenig zu beißen und zu brechen, und einmal, als große Teuerung ins Land kam, konnte er das tägliche Brot nicht mehr schaffen. Wie er sich nun abends im Bette Gedanken machte und sich vor Sorgen herumwälzte, seufzte er und sprach zu seiner Frau: »Was soll aus uns werden? Wie können wir unsere armen Kinder ernähren da wir für uns selbst nichts mehr haben?« »Weißt du was, Mann«, antwortete die Frau, »wir wollen morgen in aller Frühe die Kinder hinaus in den Wald führen, wo er am dicksten ist. Da machen wir ihnen ein Feuer an und geben jedem noch ein Stückchen Brot, dann gehen wir an unsere Arbeit und lassen sie allein. Sie finden den Weg nicht wieder nach Haus, und wir sind sie los.« »Nein, Frau«, sagte der Mann, »das tue ich nicht; wie sollt ich's übers Herz bringen, meine Kinder im Walde allein zu lassen! Die wilden Tiere würden bald kommen und sie zerreißen.« »Oh, du Narr«, sagte sie, »dann müssen wir alle viere Hungers sterben, du kannst nur die Bretter für die Särge hobeln«, und ließ ihm keine Ruhe, bis er einwilligte. »Aber die armen Kinder dauern mich doch«, sagte der Mann. Die zwei Kinder hatten vor Hunger auch nicht einschlafen können und hatten gehört, was die Stiefmutter zum Vater gesagt hatte. Gretel weinte bittere Tränen und sprach zu Hänsel: »Nun ist's um uns geschehen.« »Still, Gretel«, sprach Hänsel, »gräme dich nicht, ich will uns schon helfen.« Und als die Alten eingeschlafen waren, stand er auf, zog sein Röcklein an, machte die Untertüre auf und schlich sich hinaus. Da schien der Mond ganz hell, und die weißen Kieselsteine, die vor dem Haus lagen, glänzten wie lauter Batzen. Hänsel bückte sich und steckte so viele in sein Rocktäschlein, als nur hinein wollten. Dann ging er wieder zurück, sprach zu Gretel: »Sei getrost, liebes Schwesterchen, und schlaf nur ruhig ein, Gott wird uns nicht verlassen«, und legte sich wieder in sein Bett.",null,,https://www.projekt-gutenberg.org/grimm/maerchen/chap069.html
Grimm,Hänsel und Gretl,"Als der Tag anbrach, noch ehe die Sonne aufgegangen war, kam schon die Frau und weckte die beiden Kinder: »Steht auf, ihr Faulenzer, wir wollen in den Wald gehen und Holz holen.« Dann gab sie jedem ein Stückchen Brot und sprach: »Da habt ihr etwas für den Mittag, aber eßt's nicht vorher auf, weiter kriegt ihr nichts.« Gretel nahm das Brot unter die Schürze, weil Hänsel die Steine in der Tasche hatte. Danach machten sie sich alle zusammen auf den Weg nach dem Wald. Als sie ein Weilchen gegangen waren, stand Hänsel still und guckte nach dem Haus zurück und tat das wieder und immer wieder. Der Vater sprach: »Hänsel, was guckst du da und bleibst zurück, hab acht und vergiß deine Beine nicht!« »Ach, Vater«, sagte Hänsel, »ich sehe nach meinem weißen Kätzchen, das sitzt oben auf dem Dach und will mir Ade sagen.« Die Frau sprach: »Narr, das ist dein Kätzchen nicht, das ist die Morgensonne, die auf den Schornstein scheint.« Hänsel aber hatte nicht nach dem Kätzchen gesehen, sondern immer einen von den blanken Kieselsteinen aus seiner Tasche auf den Weg geworfen.",extern,,https://www.projekt-gutenberg.org/grimm/maerchen/chap069.html
Grimm,Hänsel und Gretl,"Als sie mitten in den Wald gekommen waren, sprach der Vater: »Nun sammelt Holz, ihr Kinder, ich will ein Feuer anmachen, damit ihr nicht friert.« Hänsel und Gretel trugen Reisig zusammen, einen kleinen Berg hoch. Das Reisig ward angezündet, und als die Flamme recht hoch brannte, sagte die Frau: »Nun legt euch ans Feuer, ihr Kinder, und ruht euch aus, wir gehen in den Wald und hauen Holz. Wenn wir fertig sind, kommen wir wieder und holen euch ab.«",extern,,https://www.projekt-gutenberg.org/grimm/maerchen/chap069.html
Grimm,Hänsel und Gretl,"Hänsel und Gretel saßen um das Feuer, und als der Mittag kam, aß jedes sein Stücklein Brot. Und weil sie die Schläge der Holzaxt hörten, so glaubten sie, ihr Vater wär' in der Nähe. Es war aber nicht die Holzaxt, es war ein Ast, den er an einen dürren Baum gebunden hatte und den der Wind hin und her schlug. Und als sie so lange gesessen hatten, fielen ihnen die Augen vor Müdigkeit zu, und sie schliefen fest ein. Als sie endlich erwachten, war es schon finstere Nacht. Gretel fing an zu weinen und sprach: »Wie sollen wir nun aus dem Wald kommen?« Hänsel aber tröstete sie: »Wart nur ein Weilchen, bis der Mond aufgegangen ist, dann wollen wir den Weg schon finden.« Und als der volle Mond aufgestiegen war, so nahm Hänsel sein Schwesterchen an der Hand und ging den Kieselsteinen nach, die schimmerten wie neugeschlagene Batzen und zeigten ihnen den Weg. Sie gingen die ganze Nacht hindurch und kamen bei anbrechendem Tag wieder zu ihres Vaters Haus. Sie klopften an die Tür, und als die Frau aufmachte und sah, daß es Hänsel und Gretel waren, sprach sie: »Ihr bösen Kinder, was habt ihr so lange im Walde geschlafen, wir haben geglaubt, ihr wollet gar nicht wiederkommen.« Der Vater aber freute sich, denn es war ihm zu Herzen gegangen, daß er sie so allein zurückgelassen hatte.",null,,https://www.projekt-gutenberg.org/grimm/maerchen/chap069.html
Hauff,Die Geschichte von Kalif Storch,"Der Kalif Chasid zu Bagdad saß einmal an einem schönen Nachmittag behaglich auf seinem Sofa; er hatte ein wenig geschlafen, denn es war ein heißer Tag, und sah nun nach seinem Schläfchen recht heiter aus. Er rauchte aus einer langen Pfeife von Rosenholz, trank hie und da ein wenig Kaffee, den ihm ein Sklave einschenkte, und strich sich allemal vergnügt den Bart, wenn es ihm geschmeckt hatte. Kurz, man sah dem Kalifen an, daß es ihm recht wohl war. Um diese Stunde konnte man gar gut mit ihm reden, weil er da immer recht mild und leutselig war; deswegen besuchte ihn auch sein Großwesir Mansor alle Tage um diese Zeit. An diesem Nachmittag nun kam er auch, sah aber sehr nachdenklich aus, ganz gegen seine Gewohnheit. Der Kalif tat die Pfeife ein wenig aus dem Mund und sprach: »Warum machst du ein so nachdenkliches Gesicht, Großwesir?«",extern,,https://www.projekt-gutenberg.org/hauff/maerchen/chap003.html
Hauff,Die Geschichte von Kalif Storch,"Der Großwesir schlug seine Arme kreuzweis über die Brust, verneigte sich vor seinem Herrn und antwortete: »Herr, ob ich ein nachdenkliches Gesicht mache, weiß ich nicht; aber da drunten am Schloß steht ein Krämer, der hat so schöne Sachen, daß es mich ärgert, nicht viel überflüssiges Geld zu haben.«",extern,,https://www.projekt-gutenberg.org/hauff/maerchen/chap003.html
Hauff,Die Geschichte von Kalif Storch,"Der Kalif, der seinem Großwesir schon lange gern eine Freude gemacht hätte, schickte seinen schwarzen Sklaven hinunter, um den Krämer heraufzuholen. Bald kam der Sklave mit dem Krämer zurück. Dieser war ein kleiner, dicker Mann, schwarzbraun im Gesicht und in zerlumptem Anzug. Er trug einen Kasten, in welchem er allerhand Waren hatte, Perlen und Ringe, reichbeschlagene Pistolen, Becher und Kämme. Der Kalif und sein Wesir musterten alles durch, und der Kalif kaufte endlich für sich und Mansor schöne Pistolen, für die Frau des Wesirs aber einen Kamm. Als der Krämer seinen Kasten schon wieder zumachen wollte, sah der Kalif eine kleine Schublade und fragte, ob da auch noch Waren seien. Der Krämer zog die Schublade heraus und zeigte darin eine Dose mit schwärzlichem Pulver und ein Papier mit sonderbarer Schrift, die weder der Kalif noch Mansor lesen konnten. »Ich bekam einmal diese zwei Stücke von einem Kaufmann, der sie in Mekka auf der Straße fand«, sagte der Krämer. »Ich weiß nicht, was sie enthalten; Euch stehen sie um geringen Preis zu Dienst, ich kann doch nichts damit anfangen.« Der Kalif, der in seiner Bibliothek gerne alte Manuskripte hatte, wenn er sie auch nicht lesen konnte, kaufte Schrift und Dose und entließ den Krämer. Der Kalif aber dachte, er möchte gerne wissen, was die Schrift enthalte, und fragte den Wesir, ob er keinen kenne, der es entziffern könnte. »Gnädigster Herr und Gebieter,« antwortete dieser, »an der großen Moschee wohnt ein Mann, er heißt Selim der Gelehrte, der versteht alle Sprachen, laß ihn kommen, vielleicht kennt er diese geheimnisvollen Züge.«",null,,https://www.projekt-gutenberg.org/hauff/maerchen/chap003.html
Hauff,Die Geschichte von Kalif Storch,"Der Gelehrte Selim war bald herbeigeholt. »Selim,« sprach zu ihm der Kalif, »Selim, man sagt, du seiest sehr gelehrt; guck einmal ein wenig in diese Schrift, ob du sie lesen kannst; kannst du sie lesen, so bekommst du ein neues Festkleid von mir, kannst du es nicht, so bekommst du zwölf Backenstreiche und fünfundzwanzig auf die Fußsohlen, weil man dich dann umsonst Selim den Gelehrten nennt.« Selim verneigte sich und sprach: »Dein Wille geschehe, o Herr!« Lange betrachtete er die Schrift; plötzlich aber rief er aus: »Das ist lateinisch, o Herr, oder ich laß mich hängen.« – »Sag, was drin steht,« befahl der Kalif, »wenn es lateinisch ist.«",extern,,https://www.projekt-gutenberg.org/hauff/maerchen/chap003.html
Schnitzler,Die griechische Tänzerin,"Die Leute mögen sagen, was sie wollen, ich glaube nicht daran, daß Frau Mathilde Samodeski an Herzschlag gestorben ist. Ich weiß es besser. Ich gehe auch nicht in das Haus, aus dem man sie heute zur ersehnten Ruhe hinausträgt; ich habe keine Lust, den Mann zu sehen, der es ebensogut weiß als ich, warum sie gestorben ist; ihm die Hand zu drücken und zu schweigen.",intern,,https://www.projekt-gutenberg.org/schnitzl/grtaenze/chap001.html
Schnitzler,Die griechische Tänzerin,"Einen anderen Weg schlag ich ein; er ist allerdings etwas weit, aber der Herbsttag ist schön und still, und es tut mir wohl, allein zu sein. Bald werde ich hinter dem Gartengitter stehen, hinter dem ich im vergangenen Frühjahr Mathilde zum letztenmal gesehen habe. Die Fensterladen der Villa werden alle geschlossen sein, auf dem Kiesweg werden rötliche Blätter liegen, und an irgendeiner Stelle werde ich wohl den weißen Marmor durch die Bäume schimmern sehen, aus dem die griechische Tänzerin gemeißelt ist.",intern,,https://www.projekt-gutenberg.org/schnitzl/grtaenze/chap001.html
Schnitzler,Die griechische Tänzerin,"An jenen Abend muß ich heute viel denken. Es kommt mir fast wie eine Fügung vor, daß ich mich damals noch im letzten Augenblick entschlossen hatte, die Einladung von Wartenheimers anzunehmen, da ich doch im Laufe der Jahre die Freude an allem geselligen Treiben so ganz verloren habe. Vielleicht war der laue Wind schuld, der abends von den Hügeln in die Stadt geweht kam und mich aufs Land hinauslockte, überdies sollte es ja ein Gartenfest sein, mit dem die Wartenheimers ihre Villa einweihen wollten, und man brauchte keinerlei besonderen Zwang zu fürchten. Sonderbar ist es auch, daß ich im Hinausfahren kaum an die Möglichkeit dachte, Frau Mathilde draußen zu begegnen. Und dabei war mir doch bekannt, daß Herr Wartenheimer die griechische Tänzerin von Samodeski für seine Villa gekauft hatte; – und daß Frau von Wartenheimer in den Bildhauer verliebt war, wie alle übrigen Frauen, das wußt' ich nicht minder. Aber selbst davon abgesehen hätte ich wohl an Mathilde denken können, denn zur Zeit, da sie noch Mädchen war, hatte ich manche schöne Stunde mit ihr verbracht. Insbesondere gab es einen Sommer am Genfer See vor sieben Jahren, gerade ein Jahr vor ihrer Verlobung, den ich nicht so leicht vergessen werde. Es scheint sogar, daß ich mir damals trotz meiner grauen Haare mancherlei eingebildet hatte, denn als sie im Jahre darauf Samodeskis Gattin wurde, empfand ich einige Enttäuschung und war vollkommen überzeugt – oder hoffte sogar –, daß sie mit ihm nicht glücklich werden könnte. Erst auf dem Fest, das Gregor Samodeski kurz nach der Rückkehr von der Hochzeitsreise in seinem Atelier in der Gußhausgasse gab, wo alle Geladenen lächerlicherweise in japanischen oder chinesischen Kostümen erscheinen mußten, habe ich Mathilde wiedergesehen. Ganz unbefangen begrüßte sie mich; ihr ganzes Wesen machte den Eindruck der Ruhe und Heiterkeit. Aber später, während sie im Gespräch mit anderen war, traf mich manchmal ein seltsamer Blick aus ihren Augen, und nach einiger Bemühung habe ich deutlich verstanden, was er zu bedeuten hatte. Er sagte: ›Lieber Freund, Sie glauben, daß er mich um des Geldes willen geheiratet hat; Sie glauben, daß er mich nicht liebt; Sie glauben, daß ich nicht glücklich bin – aber Sie irren sich . . . Sie irren sich ganz bestimmt. Sehen Sie doch, wie gut gelaunt ich bin, wie meine Augen leuchten.‹",intern,,https://www.projekt-gutenberg.org/schnitzl/grtaenze/chap001.html
Schnitzler,Die griechische Tänzerin,"Ich bin ihr auch später noch einige Male begegnet, aber immer nur ganz flüchtig. Einmal auf einer Reise kreuzten sich unsere Züge; ich speiste mit ihr und ihrem Gatten in einem Bahnhofsrestaurant, und er erzählte allerhand Witze, die mich nicht sonderlich amüsierten. Auch im Theater sprach ich sie einmal, sie war mit ihrer Mutter dort, die eigentlich noch immer schöner ist als sie . . . der Teufel weiß, wo Herr Samodeski damals gewesen ist. Und im letzten Winter hab ich sie im Prater gesehen; an einem klaren, kalten Tage. Sie ging mit ihrem kleinen Mäderl unter den kahlen Kastanien über den Schnee. Der Wagen fuhr langsam nach. Ich befand mich auf der anderen Seite der Fahrbahn und ging nicht einmal hinüber. Wahrscheinlich war ich innerlich mit ganz anderen Dingen beschäftigt; auch interessierte mich Mathilde schließlich nicht mehr besonders. So würde ich mir heute vielleicht gar keine weiteren Gedanken über sie und über ihren plötzlichen Tod machen, wenn nicht jenes letzte Wiedersehen bei Wartenheimers stattgefunden hätte. Dieses Abends erinnere ich mich heute mit einer merkwürdigen, geradezu peinlichen Deutlichkeit, etwa so wie manchen Tags am Genfer See. Es war schon ziemlich dämmerig, als ich hinauskam. Die Gäste gingen in den Alleen spazieren, ich begrüßte den Hausherrn und einige Bekannte. Irgendwoher tönte die Musik einer kleinen Salonkapelle, die in einem Boskett versteckt war. Bald kam ich zu dem kleinen Teich, der im Halbkreis von hohen Bäumen umgeben ist; in der Mitte auf einem dunklen Postament, so daß sie über dem Wasser zu schweben schien, leuchtete die griechische Tänzerin; durch elektrische Flammen vom Hause her war sie übrigens etwas theatralisch beleuchtet. Ich erinnere mich des Aufsehens, das sie im Jahre vorher in der Sezession erregt hatte; ich muß gestehen, auch auf mich machte sie einigen Eindruck, obwohl mir Samodeski ausnehmend zuwider ist, und trotzdem ich die sonderbare Empfindung habe, daß eigentlich nicht er es ist, der die schönen Sachen macht, die ihm zuweilen gelingen, sondern irgend etwas anderes in ihm, irgend etwas Unbegreifliches, Glühendes, Dämonisches meinethalben, das ganz bestimmt erlöschen wird, wenn er einmal aufhören wird, jung und geliebt zu sein. Ich glaube, es gibt mancherlei Künstler dieser Art, und dieser Umstand erfüllt mich seit jeher mit einer gewissen Genugtuung.",intern,,https://www.projekt-gutenberg.org/schnitzl/grtaenze/chap001.html
Hofmannsthal,Das Märchen der 672. Nacht,"Ein junger Kaufmannssohn, der sehr schön war und weder Vater noch Mutter hatte, wurde bald nach seinem fünfundzwanzigsten Jahre der Geselligkeit und des gastlichen Lebens überdrüssig. Er versperrte die meisten Zimmer seines Hauses und entließ alle seine Diener und Dienerinnen, bis auf vier, deren Anhänglichkeit und ganzes Wesen ihm lieb war. Da ihm an seinen Freunden nichts gelegen war und auch die Schönheit keiner einzigen Frau ihn so gefangen nahm, daß er es sich als wünschenswert oder nur als erträglich vorgestellt hätte, sie immer um sich zu haben, lebte er sich immer mehr in ein ziemlich einsames Leben hinein, welches anscheinend seiner Gemütsart am meisten entsprach. Er war aber keineswegs menschenscheu, vielmehr ging er gerne in den Straßen oder öffentlichen Gärten spazieren und betrachtete die Gesichter der Menschen. Auch vernachlässigte er weder die Pflege seines Körpers und seiner schönen Hände noch den Schmuck seiner Wohnung. Ja, die Schönheit der Teppiche und Gewebe und Seiden, der geschnitzten und getäfelten Wände, der Leuchter und Becken aus Metall, der gläsernen und irdenen Gefäße wurde ihm so bedeutungsvoll, wie er es nie geahnt hatte. Allmählich wurde er sehend dafür, wie alle Formen und Farben der Welt in seinen Geräten lebten. Er erkannte in den Ornamenten, die sich verschlingen, ein verzaubertes Bild der verschlungenen Wunder der Welt. Er fand die Formen der Tiere und die Formen der Blumen und das Übergehen der Blumen in die Tiere; die Delphine, die Löwen und die Tulpen, die Perlen und den Akanthus; er fand den Streit zwischen der Last der Säule und dem Widerstand des festen Grundes und das Streben alles Wassers nach aufwärts und wiederum nach abwärts; er fand die Seligkeit der Bewegung und die Erhabenheit der Ruhe, das Tanzen und das Totsein; er fand die Farben der Blumen und Blätter, die Farben der Felle wilder Tiere und der Gesichter der Völker, die Farbe der Edelsteine, die Farbe des stürmischen und des ruhig leuchtenden Meeres; ja, er fand den Mond und die Sterne, die mystische Kugel, die mystischen Ringe und an ihnen festgewachsen die Flügel der Seraphim. Er war für lange Zeit trunken von dieser großen, tiefsinnigen Schönheit, die ihm gehörte, und alle seine Tage bewegten sich schöner und minder leer unter diesen Geräten, die nichts Totes und Niedriges mehr waren, sondern ein großes Erbe, das göttliche Werk aller Geschlechter.",intern,,https://www.projekt-gutenberg.org/hofmanns/nacht672/nacht672.html
Hofmannsthal,Das Märchen der 672. Nacht,"Doch er fühlte ebenso die Nichtigkeit aller dieser Dinge wie ihre Schönheit; nie verließ ihn auf lange der Gedanke an den Tod und oft befiel er ihn unter lachenden und lärmenden Menschen, oft in der Nacht, oft beim Essen.",intern,,https://www.projekt-gutenberg.org/hofmanns/nacht672/nacht672.html
Hofmannsthal,Das Märchen der 672. Nacht,"Aber da keine Krankheit in ihm war, so war der Gedanke nicht grauenhaft, eher hatte er etwas Feierliches und Prunkendes und kam gerade am stärksten, wenn er sich am Denken schöner Gedanken oder an der Schönheit seiner Jugend und Einsamkeit berauschte. Denn oft schöpfte der Kaufmannssohn einen großen Stolz aus dem Spiegel, aus den Versen der Dichter, aus seinem Reichtum und seiner Klugheit, und die finsteren Sprichwörter drückten nicht auf seine Seele. Er sagte: »Wo du sterben sollst, dahin tragen dich deine Füße«, und sah sich schön, wie ein auf der Jagd verirrter König, in einem unbekannten Wald unter seltsamen Bäumen einem fremden wunderbaren Geschick entgegengehen. Er sagte: »Wenn das Haus fertig ist, kommt der Tod« und sah jenen langsam heraufkommen über die von geflügelten Löwen getragene Brücke des Palastes, des fertigen Hauses, angefüllt mit der wundervollen Beute des Lebens.",intern,,https://www.projekt-gutenberg.org/hofmanns/nacht672/nacht672.html
Hofmannsthal,Das Märchen der 672. Nacht,"Er wähnte, völlig einsam zu leben, aber seine vier Diener umkreisten ihn wie Hunde und obwohl er wenig zu ihnen redete, fühlte er doch irgendwie, daß sie unausgesetzt daran dachten, ihm gut zu dienen. Auch fing er an, hie und da über sie nachzudenken.",intern,,https://www.projekt-gutenberg.org/hofmanns/nacht672/nacht672.html
Musil,Die Amsel,"Die beiden Männer, deren ich erwähnen muß – um drei kleine Geschichten zu erzählen, bei denen es darauf ankommt, wer sie berichtet – waren Jugendfreunde; nennen wir sie Aeins und Azwei. Denn im Grunde ist Jugendfreundschaft um so sonderbarer, je älter man wird. Man ändert sich im Laufe solcher Jahre vom Scheitel bis zur Sohle und von den Härchen der Haut bis ins Herz, aber das Verhältnis zu einander bleibt merkwürdigerweise das gleiche und ändert sich sowenig wie die Beziehungen, die jeder einzelne Mensch zu den verschiedenen Herren pflegt, die er der Reihe nach mit Ich anspricht. Es kommt ja nicht darauf an, ob man so empfindet wie der kleine Knabe mit dickem Kopf und blondem Haar, der einst photographiert worden ist; nein, man kann im Grunde nicht einmal sagen, daß man dieses kleine, alberne, ichige Scheusal gern hat. Und so ist man auch mit seinen besten Freunden weder einverstanden noch zufrieden; ja, viele Freunde mögen sich nicht einmal leiden. In gewissem Sinn sind das sogar die tiefsten und besten Freundschaften und enthalten das unbegreifliche Element ohne alle Beimengungen.",null,,https://www.projekt-gutenberg.org/musil/nachlass/chap005.html
Musil,Die Amsel,"Die Jugend, welche die beiden Freunde Aeins und Azwei verband, war nichts weniger als eine religiöse gewesen. Sie waren zwar beide in einem Institut erzogen worden, wo man sich schmeichelte, den religiösen Grundsätzen gebührenden Nachdruck zu geben; aber seine Zöglinge setzten ihren ganzen Ehrgeiz darein, nichts davon zu halten. Die Kirche dieses Instituts zum Beispiel war eine schöne, richtige, große Kirche, mit einem steinernen Turm, und nur für den Gebrauch der Schule bestimmt. So konnten, da niemals ein Fremder eintrat, immer einzelne Gruppen der Schüler, indes der Rest, je nachdem es die heilige Sitte forderte, vorn in den Bänken bald kniete, bald aufstand, hinten bei den Beichtstühlen Karten spielen, auf der Orgeltreppe Zigaretten rauchen oder sich auf den Turm verziehen, der unter dem spitzen Dach wie einen Kerzenteller einen steinernen Balkon trug, auf dessen Geländer in schwindelnder Höhe Kunststücke ausgeführt wurden, die selbst weniger sündenbeladene Knaben den Hals kosten konnten.",null,,https://www.projekt-gutenberg.org/musil/nachlass/chap005.html
Musil,Die Amsel,"Eine dieser Herausforderungen Gottes bestand darin, sich auf dem Turmgeländer, mit dem Blick nach unten, durch langsamen Druck der Muskeln in die Höhe zu heben und schwankend auf den Händen stehenzubleiben; jeder, der dieses Akrobatenkunststück zu ebener Erde ausgeführt hat, wird wissen, wieviel Selbstvertrauen, Kühnheit und Glück dazu gehören, es auf einem fußbreiten Steinstreifen in Turmhöhe zu wiederholen. Es muß auch gesagt werden, daß viele wilde und geschickte Burschen sich dessen nicht unterfingen, obgleich sie zu ebener Erde auf ihren Händen geradezu lustwandeln konnten. Zum Beispiel Aeins tat es nicht. Dagegen war Azwei, und das mag gut zu seiner Einführung als Erzähler dienen, in seiner Knabenzeit der Erfinder dieser Gesinnungsprobe gewesen. Es war schwer, einen Körper zu finden wie den seinen. Er trug nicht die Muskeln des Sports wie der Körper vieler, sondern schien einfach und mühelos von Natur aus Muskeln geflochten zu sein. Ein schmaler, ziemlich kleiner Kopf saß darauf, mit Augen, die in Samt gewickelte Blitze waren, und mit Zähnen, die es eher zuließen, an die Blankheit eines jagenden Tiers zu denken, als die Sanftmut der Mystik zu erwarten.",null,,https://www.projekt-gutenberg.org/musil/nachlass/chap005.html
Musil,Die Amsel,"Später, in ihrer Studentenzeit, schwärmten die beiden Freunde für eine materialistische Lebenserklärung, die ohne Seele und Gott den Menschen als physiologische oder wirtschaftliche Maschine ansieht, was er ja vielleicht auch wirklich ist, worauf es ihnen aber gar nicht ankam, weil der Reiz solcher Philosophie nicht in ihrer Wahrheit liegt, sondern in ihrem dämonischen, pessimistischen, schaurig-intellektuellen Charakter. Damals war ihr Verhältnis zueinander bereits eine Jugendfreundschaft. Denn Azwei studierte Waldwirtschaft und sprach davon, als Forstingenieur weit fortzugehen, nach Rußland oder Asien, sobald seine Studien vollendet wären; während sein Freund, statt solcher jungenhaften, schon eine solidere Schwärmerei gewählt hatte und sich zu dieser Zeit eifrig in der aufstrebenden Arbeiterbewegung umtat. Als die dann kurz vor dem großen Krieg wieder zusammentrafen, hatte Azwei seine russischen Unternehmungen bereits hinter sich; er erzählte wenig von ihnen, war in den Bureaus irgendeiner großen Gesellschaft angestellt und schien beträchtliche Fehlschläge erlitten zu haben, wenn es ihm auch bürgerlich auskömmlich ging. Sein Jugendfreund aber war inzwischen aus einem Klassenkämpfer der Herausgeber einer Zeitung geworden, die viel vom sozialen Frieden schrieb und einem Börsenmann gehörte. Sie verachteten sich seither gegenseitig und untrennbar, verloren einander aber wieder aus den Augen; und als sie endlich für kurze Zeit abermals zusammengeführt wurden, erzählte Azwei das nun Folgende in der Art, wie man vor einem Freund einen Sack mit Erinnerungen ausschüttet, um mit der leeren Leinwand weiterzugehen. Es kam unter diesen Umständen wenig darauf an, was dieser erwiderte, und es kann ihre Unterredung fast wie ein Selbstgespräch erzählt werden. Wichtiger wäre es, wenn man genau zu beschreiben vermöchte, wie Azwei damals aussah, weil dieser unmittelbare Eindruck für die Bedeutung seiner Worte nicht ganz zu entbehren ist. Aber das ist schwer. Am ehesten könnte man sagen, er erinnerte an eine scharfe, nervige, schlanke Reitgerte, die, auf ihre weiche Spitze gestellt, an einer Wand lehnt; in so einer halb aufgerichteten und halb zusammengesunkenen Lage schien er sich wohl zu fühlen.",null,,https://www.projekt-gutenberg.org/musil/nachlass/chap005.html
Kafka,Ein Hungerkünstler,"In den letzten Jahrzehnten ist das Interesse an Hungerkünstlern sehr zurückgegangen. Während es sich früher gut lohnte, große derartige Vorführungen in eigener Regie zu veranstalten, ist dies heute völlig unmöglich. Es waren andere Zeiten. Damals beschäftigte sich die ganze Stadt mit dem Hungerkünstler; von Hungertag zu Hungertag stieg die Teilnahme; jeder wollte den Hungerkünstler zumindest einmal täglich sehn; an den spätern Tagen gab es Abonnenten, welche tagelang vor dem kleinen Gitterkäfig saßen; auch in der Nacht fanden Besichtigungen statt, zur Erhöhung der Wirkung bei Fackelschein; an schönen Tagen wurde der Käfig ins Freie getragen, und nun waren es besonders die Kinder, denen der Hungerkünstler gezeigt wurde; während er für die Erwachsenen oft nur ein Spaß war, an dem sie der Mode halber teilnahmen, sahen die Kinder staunend, mit offenem Mund, der Sicherheit halber einander bei der Hand haltend, zu, wie er bleich, im schwarzen Trikot, mit mächtig vortretenden Rippen, sogar einen Sessel verschmähend, auf hingestreutem Stroh saß, einmal höflich nickend, angestrengt lächelnd Fragen beantwortete, auch durch das Gitter den Arm streckte, um seine Magerkeit befühlen zu lassen, dann aber wieder ganz in sich selbst versank, um niemanden sich kümmerte, nicht einmal um den für ihn so wichtigen Schlag der Uhr, die das einzige Möbelstück des Käfigs war, sondern nur vor sich hinsah mit fast geschlossenen Augen und hie und da aus einem winzigen Gläschen Wasser nippte, um sich die Lippen zu feuchten.",null,,https://www.gutenberg.org/files/30655/30655-h/30655-h.htm
Kafka,Ein Hungerkünstler,"Außer den wechselnden Zuschauern waren auch ständige, vom Publikum gewählte Wächter da, merkwürdigerweise gewöhnlich Fleischhauer, welche, immer drei gleichzeitig, die Aufgabe hatten, Tag und Nacht den Hungerkünstler zu beobachten, damit er nicht etwa auf irgendeine heimliche Weise doch Nahrung zu sich nehme. Es war das aber lediglich eine Formalität, eingeführt zur Beruhigung der Massen, denn die Eingeweihten wußten wohl, daß der Hungerkünstler während der Hungerzeit niemals, unter keinen Umständen, selbst unter Zwang nicht, auch das Geringste nur gegessen hätte; die Ehre seiner Kunst verbot dies. Freilich, nicht jeder Wächter konnte das begreifen, es fanden sich manchmal nächtliche Wachgruppen, welche die Bewachung sehr lax durchführten, absichtlich in eine ferne Ecke sich zusammensetzten und dort sich ins Kartenspiel vertieften, in der offenbaren Absicht, dem Hungerkünstler eine kleine Erfrischung zu gönnen, die er ihrer Meinung nach aus irgendwelchen geheimen Vorräten hervorholen konnte. Nichts war dem Hungerkünstler quälender als solche Wächter; sie machten ihn trübselig; sie machten ihm das Hungern entsetzlich schwer; manchmal überwand er seine Schwäche und sang während dieser Wachzeit, solange er es nur aushielt, um den Leuten zu zeigen, wie ungerecht sie ihn verdächtigten. Doch half das wenig; sie wunderten sich dann nur über seine Geschicklichkeit, selbst während des Singens zu essen. Viel lieber waren ihm die Wächter, welche sich eng zum Gitter setzten, mit der trüben Nachtbeleuchtung des Saales sich nicht begnügten, sondern ihn mit den elektrischen Taschenlampen bestrahlten, die ihnen der Impresario zur Verfügung stellte. Das grelle Licht störte ihn gar nicht, schlafen konnte er ja überhaupt nicht und ein wenig hindämmern konnte er immer, bei jeder Beleuchtung und zu jeder Stunde, auch im übervollen, lärmenden Saal. Er war sehr gerne bereit, mit solchen Wächtern die Nacht gänzlich ohne Schlaf zu verbringen; er war bereit, mit ihnen zu scherzen, ihnen Geschichten aus seinem Wanderleben zu erzählen, dann wieder ihre Erzählungen anzuhören, alles nur um sie wachzuhalten, um ihnen immer wieder zeigen zu können, daß er nichts Eßbares im Käfig hatte und daß er hungerte, wie keiner von ihnen es könnte. Am glücklichsten aber war er, wenn dann der Morgen kam, und ihnen auf seine Rechnung ein überreiches Frühstück gebracht wurde, auf das sie sich warfen mit dem Appetit gesunder Männer nach einer mühevoll durchwachten Nacht. Es gab zwar sogar Leute, die in diesem Frühstück eine ungebührliche Beeinflussung der Wächter sehen wollten, aber das ging doch zu weit, und wenn man sie fragte, ob etwa sie nur um der Sache willen ohne Frühstück die Nachtwache übernehmen wollten, verzogen sie sich, aber bei ihren Verdächtigungen blieben sie dennoch.",null,,https://www.gutenberg.org/files/30655/30655-h/30655-h.htm
Langässer,Saisonbeginn,"Die Arbeiter kamen mit ihrem Schild und einem hölzernen Pfosten, auf den es genagelt werden sollte, zu dem Eingang der Ortschaft, die hoch in den Bergen an der letzten Paßkehre lag. Es war ein heißer Spätfrühlingstag, die Schneegrenze hatte sich schon hinauf zu den Gletscherwänden gezogen. Überall standen die Wiesen wieder in Saft und Kraft; die Wucherblume verschwendete sich, der Löwenzahn strotzte und blähte sein Haupt über den milchigen Stengeln; Trollblumen, welche wie eingefettet mit gelber Sahne waren, platzten vor Glück, und in strahlenden Tümpeln kleinblütiger Enziane spiegelte sich ein Himmel von unwahrscheinlichem Blau. Auch die Häuser und Gasthöfe waren wie neu: ihre Fensterläden frisch angestrichen, die Schindeldächer gut ausgebessert, die Scherenzäune ergänzt. Ein Atemzug noch: dann würden die Fremden, die Sommergäste kommen – die Lehrerinnen, die mutigen Sachsen, die Kinderreichen, die Alpinisten, aber vor allem die Autobesitzer in ihren großen Wagen . . . Röhr und Mercedes, Fiat und Opel, blitzend von Chrom und Glas. Das Geld würde anrollen. Alles war darauf vorbereitet. Ein Schild kam zum andern, die Haarnadelkurve zu dem Totenkopf, Kilometerschilder und Schilder für Fußgänger: Zwei Minuten zum Café Alpenrose. An der Stelle, wo die Männer den Pfosten in die Erde einrammen wollten, stand ein Holzkreuz, über dem Kopf des Christus war auch ein Schild angebracht. Seine Inschrift war bis heute die gleiche, wie sie Pilatus entworfen hatte: I. N. R. I. – die Enttäuschung darüber, daß es im Grund hätte heißen sollen: er behauptet nur, dieser König zu sein, hatte im Lauf der Jahrhunderte an Heftigkeit eingebüßt. Die beiden Männer, welche den Pfosten, das Schild und die große Schaufel, um den Pfosten in die Erde zu graben, auf ihren Schultern trugen, setzten alles unter dem Wegekreuz ab; der Dritte stellte den Werkzeugkasten, Hammer, Zange und Nägel daneben und spuckte ermunternd aus. Nun beratschlagten die drei Männer, an welcher Stelle die Inschrift des Schildes am besten zur Geltung käme; sie sollte für alle, welche das Dorf auf dem breiten Paßweg betraten, besser: befuhren, als Blickfang dienen und nicht zu verfehlen sein. Man kam also überein, das Schild kurz vor dem Wegekreuz anzubringen, gewissermaßen als Gruß, den die Ortschaft jedem Fremden entgegenschickte. Leider stellte sich aber heraus, daß der Pfosten dann in den Pflasterbelag einer Tankstelle hätte gesetzt werden müssen – eine Sache, die sich von selbst verbot, da die Wagen, besonders die größeren, dann am Wenden behindert waren. Die Männer schleppten also den Pfosten noch ein Stück weiter hinaus bis zu der Gemeindewiese und wollten schon mit der Arbeit beginnen, als ihnen auffiel, daß diese Stelle bereits zu weit von dem Ortsschild entfernt war, das den Namen angab und die Gemeinde, zu welcher der Flecken gehörte. Wenn also das Dorf den Vorzug dieses Schildes und seiner Inschrift für sich beanspruchen wollte, mußte das Schild wieder näherrücken – am besten gerade dem Kreuz gegenüber, so daß Wagen und Fußgänger zwischen beiden hätten passieren müssen.",null,,https://www.projekt-gutenberg.org/langgaes/torso/chap003.html
Langässer,Saisonbeginn,"Dieser Vorschlag, von dem Mann mit den Nägeln und dem Hammer gemacht, fand Beifall. Die beiden anderen luden von neuem den Pfosten auf ihre Schultern und schleppten ihn vor das Kreuz. Nun sollte also das Schild mit der Inschrift zu dem Wegekreuz senkrecht stehen; doch zeigte es sich, daß die uralte Buche, welche gerade hier ihre Äste mit riesiger Spanne nach beiden Seiten wie eine Mantelmadonna ihren Umhang entfaltete, die Inschrift im Sommer verdeckt und ihr Schattenspiel deren Bedeutung verwischt, aber mindestens abgeschwächt hätte.",extern,,https://www.projekt-gutenberg.org/langgaes/torso/chap003.html
Langässer,Saisonbeginn,"Es blieb daher nur noch die andere Seite neben dem Herrenkreuz, und da die erste, die in das Pflaster der Tankstelle überging, gewissermaßen den Platz des Schächers zur Linken bezeichnet hätte, wurde jetzt der Platz zur Rechten gewählt und endgültig beibehalten. Zwei Männer hoben die Erde aus, der dritte nagelte rasch das Schild mit wuchtigen Schlägen auf; dann stellten sie den Pfosten gemeinsam in die Grube und rammten ihn rings von allen Seiten mit größeren Feldsteinen an.",extern,,https://www.projekt-gutenberg.org/langgaes/torso/chap003.html
Langässer,Saisonbeginn,"Ihre Tätigkeit blieb nicht unbeachtet. Schulkinder machten sich gegenseitig die Ehre streitig, dabei zu helfen, den Hammer, die Nägel hinzureichen und passende Steine zu suchen; auch einige Frauen blieben stehen, um die Inschrift genau zu studieren. Zwei Nonnen, welche die Blumenvase zu Füßen des Kreuzes aufs neue füllten, blickten einander unsicher an, bevor sie weitergingen. Bei den Männern, die von der Holzarbeit oder vom Acker kamen, war die Wirkung verschieden: einige lachten, andere schüttelten nur den Kopf, ohne etwas zu sagen; die Mehrzahl blieb davon unberührt und gab weder Beifall, noch Ablehnung kund, sondern war gleichgültig, wie sich die Sache auch immer entwickeln würde. Im ganzen genommen konnten die Männer mit der Wirkung zufrieden sein. Der Pfosten, kerzengerade, trug das Schild mit der weithin sichtbaren Inschrift, die Nachmittagssonne glitt wie ein Finger über die zollgroßen Buchstaben hin und fuhr jeden einzelnen langsam nach wie den Richtspruch auf einer Tafel . . .",extern,,https://www.projekt-gutenberg.org/langgaes/torso/chap003.html